Item,Qty,Reference(s),Value,Footprint,Datasheet,DNP,Arrow Part Number,Arrow Price/Stock,Description,Height,LCSC Part Number,MANUFACTURER,Manufacturer_Name,Manufacturer_Part_Number,Mouser Part Number,Mouser Price/Stock,PART_REV,STANDARD,Spec,
1,2,"C1, C2",22µ,Capacitor_SMD:C_0805_2012Metric,https://www.mouser.com/datasheet/2/585/MLCC-1837944.pdf,,,,Pi Filter Capacitor,1.25,C602037,,Samsung,CL21A226MAYNNNE,187-CL21A226MAYNNNE,,,,22µ 25V,28
2,3,"C3, C7, C11",10µF,Capacitor_SMD:C_0603_1608Metric,https://www.mouser.com/datasheet/2/585/MLCC-1837944.pdf,,,,Input Capacitor,0.8,C96446,,Samsung,CL10A106MA8NRNC,187-CL10A106MA8NRNC,,,,10µ 25V,27
3,4,"C4, C8, C12, C15",100n,Capacitor_SMD:C_0603_1608Metric,https://www.mouser.com/datasheet/2/585/MLCC-1837944.pdf,,,,Bypass Capacitor,0.8,C1590,,Samsung,CL10B104KA8NNNC,187-CL10B104KA8NNNC,,,,100n 25V,26
4,3,"C5, C9, C13",3n3,Capacitor_SMD:C_0603_1608Metric,https://www.mouser.com/datasheet/2/447/UPY_NP0X5R_01005_4V_to_25V_V10-3003057.pdf,,,,Startup Capacitor,0.8,C519423,,Yageo,CC0603KRX7R8BB332,603-CC0603KRX7R8BB332,,,,3n3 25V,27
5,3,"C6, C10, C14",22µ,Capacitor_SMD:C_0603_1608Metric,https://www.mouser.com/ProductDetail/Samsung-Electro-Mechanics/CL10A226MQ8NRNE?qs=X6jEic%2FHinBWGhq5TM88TA%3D%3D,,,,Output Capacitor,0.8,C159801,,Samsung,CL10A226MQ8NRNE,187-CL10A226MQ8NRNE,,,,22µ 6V3,27
6,1,CR1,SMF17CA,SOD-123F_LTF,https://www.mouser.com/datasheet/2/240/Littelfuse_TVS_Diode_SMF_Datasheet_pdf-1698977.pdf,,,,TVS Suppression Diode,1,C3719828,,Littlefuse,SMF17CA,576-SMF17CA,,,,"Vrw 17V, Vcl 27V",9
7,1,F1,SMD1812B110TF,FUSE_SMD1812B110TF_YAG,https://www.mouser.com/datasheet/2/447/YAGO_S_A0012927859_1-2572977.pdf,,,,PTC Resettable Fuse,1.6,C269149,,Yageo-Brightking,SMD1812B300TFT,603-SMD1812B300TFT,,,,"Ihold 3A, Itrip 6A",9
8,2,"HS1, HS2",Heat Sink,1016:HSB01-080808,https://www.mouser.com/datasheet/2/670/hsb01_080808-2449749.pdf,,,,Heat Sink,8,,,CUI Devices,HSB01-080808,490-HSB01-080808,,,,8.5mm x 8.5mm Al,
9,1,J1,PJ-102B,CUI_PJ-102B,https://www.mouser.com/datasheet/2/670/pj_102b-1778740.pdf,,,,Input Power Jack,11,,CUI INC,CUI Devices,PJ-102B,490-PJ-102B,,1.03,Manufacturer recommendations,"2.5mm, 2.5A, 24V",4
10,2,"J3, J4",Pin Hdr 2x2,Connector_PinHeader_2.54mm:PinHeader_2x02_P2.54mm_Vertical,https://www.mouser.com/datasheet/2/527/tsw_th-2854687.pdf,,,,Pin Header 2x2,0.9,C3346817,,Samtec,TSW-102-07-L-D,200-TSW10207LD,,,,2x2 Pin Hdr 2.54mm Pitch Gold,10
11,4,"L1, L2, L3, L4",VLS5045EX-2R2N,VLS5045EX330M,https://product.tdk.com/system/files/dam/doc/product/inductor/inductor/smd/catalog/inductor_commercial_power_vls5045ex_en.pdf,,VLS5045EX-2R2N,https://www.arrow.com/en/products/vls5045ex-2r2n/tdk?region=nac,Pi Filter Inductor,4.5,C434831,,TDK,VLS5045EX-2R2N,810-VLS5045EX-2R2N,https://www.mouser.co.uk/ProductDetail/TDK/VLS5045EX-2R2N?qs=oF%2FSscNnLpAtppfzrkZuzA%3D%3D,,,2.2µH 4.7A 22mΩ,11
12,3,"LED1, LED4, LED5",150060VS75003,1016:LEDC1608X80N,https://www.we-online.com/catalog/datasheet/150060VS75003.pdf,,,,Power On LED,0.7,,,Wurth Elektronik,150060VS75003,710-150060VS75003,,,,Grn 570nm,7
13,1,LED2,150060RS75003,1016:LEDC1608X80N,https://www.we-online.com/catalog/datasheet/150060RS75003.pdf,,,,Error LED,0.7,,,Wurth Elektronik,150060RS75003,710-150060RS75003,,,,Red 625nm,9
14,1,LED3,150060AS75003,1016:LEDC1608X80N,https://www.we-online.com/catalog/datasheet/150060AS75003.pdf,,,,Output LED,0.7,,,Wurth Elektronik,150060AS75003,710-150060AS75003,,,,Amber 605nm,9
15,2,"LED6, LED7",150060YS75003,1016:LEDC1608X80N,https://www.we-online.com/catalog/datasheet/150060YS75003.pdf,,,,3V3 Top Rail LED,0.7,,,Wurth Elektronik,150060YS75003,710-150060YS75003,,,,Yellow 590nm,8
16,1,Q1,BUK6D120-60PX,1016:BUK6D12060PX,https://www.mouser.com/datasheet/2/916/BUK6D120_60P-1539811.pdf,,BUK6D120-60PX,https://www.arrow.com/en/products/buk6d120-60px/nexperia?region=europe,RPP MOSFET,0.65,C503628,,Nexperia,BUK6D120-60PX,771-BUK6D120-60PX,,,,P-Ch 60V 8A,9
17,1,R1,1K91,Resistor_SMD:R_0603_1608Metric,https://www.mouser.com/datasheet/2/447/YAGEO_PYu_RC_Group_51_RoHS_L_12-3313492.pdf,,,,RPP Zener Resistor,0.45,C185353,,Yageo,RC0603FR-071K91L,603-RC0603FR-071K91L,,,,1K91 100mW,29
18,1,R2,2K,Resistor_SMD:R_0805_2012Metric,https://www.mouser.com/datasheet/2/447/YAGEO_PYu_RC_Group_51_RoHS_L_12-3313492.pdf,,,,Power On LED Resistor,0.5,C114572,,Yageo,RC0805FR-072KL,603-RC0805FR-072KL,,,,2K 125mW,29
19,1,R3,100K,Resistor_SMD:R_0603_1608Metric,https://www.mouser.com/datasheet/2/447/YAGEO_PYu_RC_Group_51_RoHS_L_12-3313492.pdf,,,,Feedback Rtop,0.45,C14675,,Yageo,RC0603FR-07100KL,603-RC0603FR-07100KL,,,,100K 100mW,26
20,1,R4,31K6,Resistor_SMD:R_0603_1608Metric,https://www.mouser.com/datasheet/2/447/YAGEO_PYu_RC_Group_51_RoHS_L_12-3313492.pdf,,,,Feedback Rbot,0.45,C185339,,Yageo,RC0603FR-0731K6L,603-RC0603FR-0731K6L,,,,31K6 100mW,29
21,4,"R5, R6, R10, R14",10K,Resistor_SMD:R_0603_1608Metric,https://www.mouser.com/datasheet/2/447/YAGEO_PYu_RC_Group_51_RoHS_L_12-3313492.pdf,,,,Power Good Pull-Up Resistor,0.45,C98220,,Yageo,RC0603FR-0710KL,603-RC0603FR-0710KL,,,,10K 100mW,29
22,2,"R7, R11",220K,Resistor_SMD:R_0603_1608Metric,https://www.mouser.com/datasheet/2/447/YAGEO_PYu_RC_Group_51_RoHS_L_12-3313492.pdf,,,,Feedback Rtop,0.45,C123420,,Yageo,RC0603FR-07220KL,603-RC0603FR-07220KL,,,,220K 100mW,28
23,2,"R8, R12",42K2,Resistor_SMD:R_0603_1608Metric,https://www.mouser.com/datasheet/2/447/YAGEO_PYu_RC_Group_51_RoHS_L_12-3313492.pdf,,,,Feedback Rbot,0.45,C273741,,Yageo,RC0603FR-0742K2L,603-RC0603FR-0742K2L,,,,42K2 100mW,28
24,2,"R9, R13",28K,Resistor_SMD:R_0603_1608Metric,https://www.mouser.com/datasheet/2/447/YAGEO_PYu_RC_Group_51_RoHS_L_12-3313492.pdf,,,,Feedback Rbot,0.45,C273777,,Yageo,RC0603FR-0728KL,603-RC0603FR-0728KL,,,,28K 100mW,28
25,1,R15,365,Resistor_SMD:R_0603_1608Metric,https://www.mouser.com/datasheet/2/447/PYu_AC_51_RoHS_L_9-3005297.pdf,,,,Error LED Resistor,0.45,C227839,,Yageo,AC0603FR-07365RL,603-AC0603FR-07365RL,,,,365 100mW,29
26,1,R16,402,Resistor_SMD:R_0603_1608Metric,https://www.mouser.com/datasheet/2/447/YAGEO_PYu_RC_Group_51_RoHS_L_12-3313492.pdf,,,,Output LED Resistor,0.45,C185331,,Yageo,RC0603FR-07402RL,603-RC0603FR-07402RL,,,,402 100mW,29
27,2,"R17, R18",210,Resistor_SMD:R_0603_1608Metric,https://www.mouser.com/datasheet/2/447/PYu_AC_51_RoHS_L_9-3005297.pdf,,,,5V Top Rail LED Resistor,0.45,C227706,,Yageo,AC0603FR-07210RL,603-AC0603FR-07210RL,,,,210 100mW,28
28,2,"R19, R20",887,Resistor_SMD:R_0603_1608Metric,https://www.mouser.com/datasheet/2/447/YAGEO_PYu_RC_Group_51_RoHS_L_12-3313492.pdf,,,,3V3 Top Rail Resistor,0.45,C273768,,Yageo,RC0603FR-07887RL,603-RC0603FR-07887RL,,,,887 100mW,28
29,2,"S1, S2",Tactile Switch 6mm,PTS636SK25JSMTRLFS,https://www.mouser.com/datasheet/2/60/pts636-1550567.pdf,,,,Output Enable Btn,2.7,C2800965,,C & K COMPONENTS,PTS636 SK25J SMTR LFS,611-PTS636SK25JSMTRL,,,,50mA 12Vdc 250gf,13
30,3,"U1, U2, U3",TPS62130ARGTR,QFN50P300X300X100-17N-D,http://www.ti.com/lit/ds/symlink/tps62130.pdf,,TPS62130RGTR,https://www.arrow.com/en/products/tps62130rgtr/texas-instruments?region=nac,MCU Regulator,1,C337502,,Texas Instruments,TPS62130ARGTR,595-TPS62130ARGTR,https://www.mouser.co.uk/ProductDetail/Texas-Instruments/TPS62130RGTR?qs=gXEV9p%2FxLgcmDj5piyJ3pQ%3D%3D,,,2.5MHz Buck Reg,
31,1,U4,STM32C011F4U6TR,UFQFPN20_3X3_STM,https://www.mouser.com/datasheet/2/389/stm32c011d6-3082107.pdf,,,,Microcontroller,0.55,C5456188,,ST Micro,STM32C011F4U6TR,511-STM32C011F4U6TR,,,,48MHz ARM M0,8
32,1,Z1,MMSZ5231B-7-F,SOD3716X145N,https://www.diodes.com/assets/Datasheets/ds18010.pdf,,MMSZ5231B-7-F,https://www.arrow.com/en/products/mmsz5231b-7-f/diodes-incorporated?region=nac,RPP Zener Diode,1,C85181,,Diodes Inc.,MMSZ5231B-7-F,621-MMSZ5231B-F,https://www.mouser.co.uk/ProductDetail/Diodes-Incorporated/MMSZ5231B-7-F?qs=2ygBApjwyeMh7Sf0YL1qSw%3D%3D,,,5.1V 5% 500mW,14
